game_id,date,home_team,away_team,favorite_team,underdog_team,spread,moneyline_home,moneyline_away,over_under,predicted_winner,predicted_margin,predicted_home_score,predicted_away_score,confidence,bets
f1bc532dff946d15cb85654b5c4b246e,2025-09-05,Philadelphia Eagles,Dallas Cowboys,Philadelphia Eagles,Dallas Cowboys,7.0,-325,260,46.5,favorite,17.032937049865723,32.54801940917969,15.515082359313965,0.6828136444091797,"[{'bet_type': 'moneyline', 'team': 'Philadelphia Eagles', 'amount': 30.783195495605437, 'odds': -325, 'line': None, 'edge': 0.01810776205623854, 'model_probability': 0.7828136444091797}]"
9535d3e3ee9d9fc83ea2b500ad0b587c,2025-09-06,Los Angeles Chargers,Kansas City Chiefs,Kansas City Chiefs,Los Angeles Chargers,2.5,120,-142,45.5,underdog,-5.693614959716797,20.666841506958008,26.360456466674805,0.36740174889564514,[]
557d13ef8f4c1d21044f3a478cda6d0b,2025-09-07,New Orleans Saints,Arizona Cardinals,Arizona Cardinals,New Orleans Saints,5.5,190,-230,42.5,favorite,12.030207633972168,27.588844299316406,15.558636665344238,0.5917523503303528,[]
1e09eb3fe1385796c1a32000de48ac64,2025-09-07,Atlanta Falcons,Tampa Bay Buccaneers,Tampa Bay Buccaneers,Atlanta Falcons,2.5,120,-142,48.5,underdog,-4.362863540649414,22.209041595458984,26.5719051361084,0.36726438999176025,[]
394256a6c3d0f5ecd1208fffaae6a72f,2025-09-07,Jacksonville Jaguars,Carolina Panthers,Jacksonville Jaguars,Carolina Panthers,3.0,-155,130,45.5,favorite,15.847649574279785,29.335432052612305,13.48778247833252,0.657909095287323,"[{'bet_type': 'moneyline', 'team': 'Jacksonville Jaguars', 'amount': 50.0, 'odds': -155, 'line': None, 'edge': 0.15006595803242107, 'model_probability': 0.757909095287323}]"
e2d3b0596efcebc1c19dab92009f5e26,2025-09-07,Cleveland Browns,Cincinnati Bengals,Cincinnati Bengals,Cleveland Browns,5.5,190,-230,44.5,underdog,-11.750675201416016,16.909189224243164,28.65986442565918,0.3656460642814636,[]
b02a72c768a6c6dee87aa74f78e84176,2025-09-07,Indianapolis Colts,Miami Dolphins,Indianapolis Colts,Miami Dolphins,1.5,-115,-105,45.5,underdog,-4.937421798706055,21.211273193359375,26.14869499206543,0.38210445642471313,"[{'bet_type': 'moneyline', 'team': 'Miami Dolphins', 'amount': 50.0, 'odds': -105, 'line': None, 'edge': 0.20570042162406732, 'model_probability': 0.7178955435752868}]"
0b2455795dfcd692dd607503e4f20d04,2025-09-07,New England Patriots,Las Vegas Raiders,New England Patriots,Las Vegas Raiders,3.0,-162,136,42.5,underdog,-2.272432327270508,16.400646209716797,18.673078536987305,0.3655886948108673,"[{'bet_type': 'moneyline', 'team': 'Las Vegas Raiders', 'amount': 50.0, 'odds': 136, 'line': None, 'edge': 0.31068249162981065, 'model_probability': 0.7344113051891327}, {'bet_type': 'under', 'team': None, 'amount': 50.0, 'odds': -110, 'line': 42.5, 'edge': 0.10119047619047616, 'model_probability': 0.625}]"
4cce00ca468c67eca17a9a061f778fb2,2025-09-07,Washington Commanders,New York Giants,Washington Commanders,New York Giants,6.5,-300,245,45.5,favorite,15.534013748168945,31.848743438720703,16.314729690551758,0.6769272685050964,"[{'bet_type': 'moneyline', 'team': 'Washington Commanders', 'amount': 43.08362960815422, 'odds': -300, 'line': None, 'edge': 0.026927268505096413, 'model_probability': 0.7769272685050964}]"
5ed483bb614b18955f8b43f177746371,2025-09-07,New York Jets,Pittsburgh Steelers,Pittsburgh Steelers,New York Jets,3.0,130,-155,39.5,favorite,1.0933609008789062,25.32908821105957,24.235727310180664,0.5374786257743835,"[{'bet_type': 'over', 'team': None, 'amount': 22.00000000000002, 'odds': -110, 'line': 39.5, 'edge': 0.02619047619047621, 'model_probability': 0.55}]"
68397f3aa9eb847a421a49f990a11928,2025-09-07,Denver Broncos,Tennessee Titans,Denver Broncos,Tennessee Titans,7.0,-360,290,41.5,favorite,7.327213287353516,26.24448013305664,18.917266845703125,0.5913197994232178,[]
9f1ad249959aacae89e5e74e43429a4a,2025-09-07,Seattle Seahawks,San Francisco 49ers,San Francisco 49ers,Seattle Seahawks,1.5,102,-120,45.5,underdog,-10.874744415283203,17.34032440185547,28.215068817138672,0.3583902418613434,[]
8e0e2d9237098222f9ca7554b11b12bb,2025-09-07,Green Bay Packers,Detroit Lions,Green Bay Packers,Detroit Lions,1.5,-116,-102,49.5,underdog,0.7280178070068359,26.061748504638672,25.333730697631836,0.36407965421676636,"[{'bet_type': 'moneyline', 'team': 'Detroit Lions', 'amount': 50.0, 'odds': -102, 'line': None, 'edge': 0.23096985073372867, 'model_probability': 0.7359203457832336}]"
dc0e3db61983a138098f28226788d2d3,2025-09-07,Los Angeles Rams,Houston Texans,Los Angeles Rams,Houston Texans,2.5,-142,120,46.5,favorite,6.24943733215332,26.839134216308594,20.589696884155273,0.5977746844291687,"[{'bet_type': 'moneyline', 'team': 'Los Angeles Rams', 'amount': 50.0, 'odds': -142, 'line': None, 'edge': 0.1109978249250364, 'model_probability': 0.6977746844291687}]"
dee0a41ed5e8201a96d457899adbe918,2025-09-08,Buffalo Bills,Baltimore Ravens,Buffalo Bills,Baltimore Ravens,1.5,-116,-102,51.5,favorite,14.466472625732422,31.661073684692383,17.19460105895996,0.583654522895813,"[{'bet_type': 'moneyline', 'team': 'Buffalo Bills', 'amount': 50.0, 'odds': -116, 'line': None, 'edge': 0.14661748585877588, 'model_probability': 0.683654522895813}]"
c6d7807cee33d5e81c671527b9c8b3f1,2025-09-09,Chicago Bears,Minnesota Vikings,Chicago Bears,Minnesota Vikings,1.5,-108,-108,44.5,favorite,14.420154571533203,28.450742721557617,14.030588150024414,0.6118853688240051,"[{'bet_type': 'moneyline', 'team': 'Chicago Bears', 'amount': 50.0, 'odds': -108, 'line': None, 'edge': 0.19265459959323583, 'model_probability': 0.7118853688240051}]"
0c6e5d9821ce0d3e82f3e792879776a6,2025-09-12,Green Bay Packers,Washington Commanders,Green Bay Packers,Washington Commanders,1.5,-125,105,48.5,favorite,2.395139694213867,21.277393341064453,18.882253646850586,0.5725053548812866,"[{'bet_type': 'moneyline', 'team': 'Green Bay Packers', 'amount': 50.0, 'odds': -125, 'line': None, 'edge': 0.11694979932573102, 'model_probability': 0.6725053548812866}, {'bet_type': 'under', 'team': None, 'amount': 22.00000000000002, 'odds': -110, 'line': 48.5, 'edge': 0.02619047619047621, 'model_probability': 0.55}]"
553edb8bf2452482b37dde58e832a6fb,2025-09-14,Baltimore Ravens,Cleveland Browns,Baltimore Ravens,Cleveland Browns,12.5,-625,455,44.5,underdog,-3.573617935180664,14.828065872192383,18.401683807373047,0.3700542151927948,"[{'bet_type': 'moneyline', 'team': 'Cleveland Browns', 'amount': 50.0, 'odds': 455, 'line': None, 'edge': 0.549765604627025, 'model_probability': 0.7299457848072052}, {'bet_type': 'under', 'team': None, 'amount': 50.0, 'odds': -110, 'line': 44.5, 'edge': 0.10119047619047616, 'model_probability': 0.625}]"
cd0fd9335b5182d3bfed35ab8d5ab6fb,2025-09-14,New York Jets,Buffalo Bills,Buffalo Bills,New York Jets,8.5,310,-395,44.5,underdog,-3.493612289428711,16.706327438354492,20.199939727783203,0.37061092257499695,"[{'bet_type': 'under', 'team': None, 'amount': 50.0, 'odds': -110, 'line': 44.5, 'edge': 0.10119047619047616, 'model_probability': 0.625}, {'bet_type': 'moneyline', 'team': 'New York Jets', 'amount': 20.0, 'odds': 310, 'line': None, 'edge': 0.026708483550606732, 'model_probability': 0.27061092257499697}]"
1ee9ea2c8256bc6be5dd92e60f6c17de,2025-09-14,Detroit Lions,Chicago Bears,Detroit Lions,Chicago Bears,4.5,-218,180,48.5,favorite,1.6047115325927734,25.008686065673828,23.403974533081055,0.5664994716644287,[]
ec75e45d75691f810f347e0c5ff25d6e,2025-09-14,Cincinnati Bengals,Jacksonville Jaguars,Cincinnati Bengals,Jacksonville Jaguars,5.5,-218,180,49.5,underdog,-5.70787239074707,22.561336517333984,28.269208908081055,0.3434416353702545,"[{'bet_type': 'moneyline', 'team': 'Jacksonville Jaguars', 'amount': 50.0, 'odds': 180, 'line': None, 'edge': 0.3994155074868883, 'model_probability': 0.7565583646297455}]"
05a5b084f4e19535b2d3f91ef5c00169,2025-09-14,Dallas Cowboys,New York Giants,Dallas Cowboys,New York Giants,4.5,-185,154,44.5,favorite,18.145079612731934,30.384540557861328,12.239460945129395,0.6813603639602661,"[{'bet_type': 'moneyline', 'team': 'Dallas Cowboys', 'amount': 50.0, 'odds': -185, 'line': None, 'edge': 0.1322375569427222, 'model_probability': 0.7813603639602661}]"
0e6f68b30237afc04d1517a193213a65,2025-09-14,Tennessee Titans,Los Angeles Rams,Los Angeles Rams,Tennessee Titans,5.5,185,-225,45.5,favorite,2.081064224243164,22.0091552734375,19.928091049194336,0.5069321393966675,[]
575c1b169aab675ec72372ccb0f4c55f,2025-09-14,Miami Dolphins,New England Patriots,Miami Dolphins,New England Patriots,2.5,-142,120,45.5,underdog,-8.942325592041016,19.454940795898438,28.397266387939453,0.35608774423599243,"[{'bet_type': 'moneyline', 'team': 'New England Patriots', 'amount': 50.0, 'odds': 120, 'line': None, 'edge': 0.289366801218553, 'model_probability': 0.7439122557640075}]"
866d7405986fb4d14897cdb6c0aa5926,2025-09-14,New Orleans Saints,San Francisco 49ers,San Francisco 49ers,New Orleans Saints,7.0,275,-345,44.5,underdog,-2.729104995727539,20.20475959777832,22.93386459350586,0.3793371319770813,[]
82f9fd7001598d5cf9c1bdd57c66cae4,2025-09-14,Pittsburgh Steelers,Seattle Seahawks,Pittsburgh Steelers,Seattle Seahawks,1.5,-120,100,42.5,favorite,-2.3261890411376953,18.79654312133789,21.122732162475586,0.5157657861709595,"[{'bet_type': 'moneyline', 'team': 'Pittsburgh Steelers', 'amount': 50.0, 'odds': -120, 'line': None, 'edge': 0.07031124071641404, 'model_probability': 0.6157657861709595}]"
7e2ad5ef04493526707e0868f7b70c47,2025-09-14,Arizona Cardinals,Carolina Panthers,Arizona Cardinals,Carolina Panthers,4.5,-198,164,46.5,favorite,13.375528335571289,28.970552444458008,15.595024108886719,0.6254410743713379,"[{'bet_type': 'moneyline', 'team': 'Arizona Cardinals', 'amount': 50.0, 'odds': -198, 'line': None, 'edge': 0.061011544169995546, 'model_probability': 0.7254410743713379}]"
e217b38ef8bc6e98d3512cb42b90782e,2025-09-14,Indianapolis Colts,Denver Broncos,Denver Broncos,Indianapolis Colts,3.5,145,-175,44.5,underdog,-2.3965492248535156,20.39259910583496,22.789148330688477,0.38380733132362366,[]
bbec8d71145954cff67915c9b006bb6e,2025-09-14,Kansas City Chiefs,Philadelphia Eagles,Kansas City Chiefs,Philadelphia Eagles,1.5,-110,-106,47.5,favorite,4.7429351806640625,29.630752563476562,24.8878173828125,0.5651982426643372,"[{'bet_type': 'moneyline', 'team': 'Kansas City Chiefs', 'amount': 50.0, 'odds': -110, 'line': None, 'edge': 0.1413887188548133, 'model_probability': 0.6651982426643371}, {'bet_type': 'over', 'team': None, 'amount': 50.0, 'odds': -110, 'line': 47.5, 'edge': 0.10119047619047616, 'model_probability': 0.625}]"
37d09ce5d357536d0e58dd4ba0ab4106,2025-09-15,Minnesota Vikings,Atlanta Falcons,Minnesota Vikings,Atlanta Falcons,4.5,-205,170,45.5,favorite,6.751550674438477,21.901626586914062,15.150075912475586,0.6828136444091797,"[{'bet_type': 'moneyline', 'team': 'Minnesota Vikings', 'amount': 50.0, 'odds': -205, 'line': None, 'edge': 0.11068249686819609, 'model_probability': 0.7828136444091797}, {'bet_type': 'under', 'team': None, 'amount': 50.0, 'odds': -110, 'line': 45.5, 'edge': 0.10119047619047616, 'model_probability': 0.625}]"
7d9a04f411031528d9c1d2df7b9a0453,2025-09-15,Houston Texans,Tampa Bay Buccaneers,Houston Texans,Tampa Bay Buccaneers,1.5,-120,100,46.5,favorite,10.97027587890625,27.25888442993164,16.28860855102539,0.532085657119751,"[{'bet_type': 'moneyline', 'team': 'Houston Texans', 'amount': 50.0, 'odds': -120, 'line': None, 'edge': 0.08663111166520554, 'model_probability': 0.632085657119751}]"
bebae12f59f19bd877df7ac3cab05263,2025-09-16,Las Vegas Raiders,Los Angeles Chargers,Los Angeles Chargers,Las Vegas Raiders,3.0,124,-148,44.5,underdog,-6.857292175292969,18.510677337646484,25.367969512939453,0.3703838586807251,[]
aca5234c57e31b1931e51d2d0d6046f5,2025-09-19,Buffalo Bills,Miami Dolphins,Buffalo Bills,Miami Dolphins,8.5,-395,310,48.5,favorite,6.279375076293945,30.866220474243164,24.58684539794922,0.5742964148521423,"[{'bet_type': 'over', 'team': None, 'amount': 50.0, 'odds': -110, 'line': 48.5, 'edge': 0.10119047619047616, 'model_probability': 0.625}]"
5737e4dbf6879c5061bb23033a4d8a55,2025-09-21,Carolina Panthers,Atlanta Falcons,Carolina Panthers,Atlanta Falcons,1.5,-120,100,46.5,favorite,7.376459121704102,27.371517181396484,19.995058059692383,0.5316816568374634,"[{'bet_type': 'moneyline', 'team': 'Carolina Panthers', 'amount': 50.0, 'odds': -120, 'line': None, 'edge': 0.08622711138291794, 'model_probability': 0.6316816568374634}]"
eefb7f130c8fc2c129e296fe5c6ba3e3,2025-09-21,Minnesota Vikings,Cincinnati Bengals,Minnesota Vikings,Cincinnati Bengals,1.5,-120,100,47.5,favorite,7.623502731323242,27.386051177978516,19.762548446655273,0.5716973543167114,"[{'bet_type': 'moneyline', 'team': 'Minnesota Vikings', 'amount': 50.0, 'odds': -120, 'line': None, 'edge': 0.126242808862166, 'model_probability': 0.6716973543167114}]"
581955d1b79fe87a3a61a4885cd7ea67,2025-09-21,Cleveland Browns,Green Bay Packers,Green Bay Packers,Cleveland Browns,5.5,200,-245,43.5,favorite,10.540571212768555,27.176319122314453,16.6357479095459,0.6744424104690552,[]
97de7672b61dbddbce982711c121e76d,2025-09-21,Jacksonville Jaguars,Houston Texans,Houston Texans,Jacksonville Jaguars,1.5,100,-120,46.5,underdog,-4.756731033325195,17.622299194335938,22.379030227661133,0.3411215841770172,"[{'bet_type': 'under', 'team': None, 'amount': 22.00000000000002, 'odds': -110, 'line': 46.5, 'edge': 0.02619047619047621, 'model_probability': 0.55}]"
bb506016737825f4d0b1f9862f95c246,2025-09-21,Tennessee Titans,Indianapolis Colts,Tennessee Titans,Indianapolis Colts,1.5,-122,102,45.5,underdog,1.991281509399414,24.268545150756836,22.277263641357422,0.3659500479698181,"[{'bet_type': 'moneyline', 'team': 'Indianapolis Colts', 'amount': 50.0, 'odds': 102, 'line': None, 'edge': 0.23900044707968682, 'model_probability': 0.7340499520301819}]"
03a5eed2c8ef5d1c8a48866ea4b0d63a,2025-09-21,Washington Commanders,Las Vegas Raiders,Washington Commanders,Las Vegas Raiders,7.5,-340,270,47.5,favorite,13.527507781982422,30.023666381835938,16.496158599853516,0.6016606688499451,[]
4c4ae4a2d54fc3f71c450187e9391ddc,2025-09-21,Philadelphia Eagles,Los Angeles Rams,Philadelphia Eagles,Los Angeles Rams,4.5,-205,170,46.5,favorite,9.133058547973633,28.864452362060547,19.731393814086914,0.5673115849494934,[]
c4c42918a645b1a4773f47d7eaa5cfcf,2025-09-21,New England Patriots,Pittsburgh Steelers,New England Patriots,Pittsburgh Steelers,1.5,-120,100,43.5,favorite,6.858554840087891,26.70462417602539,19.8460693359375,0.5668732523918152,"[{'bet_type': 'moneyline', 'team': 'New England Patriots', 'amount': 50.0, 'odds': -120, 'line': None, 'edge': 0.12141870693726975, 'model_probability': 0.6668732523918152}]"
02522f48a7b7e7524881c1b1638cd94d,2025-09-21,Tampa Bay Buccaneers,New York Jets,Tampa Bay Buccaneers,New York Jets,7.5,-340,270,45.5,favorite,0.8082656860351562,24.651851654052734,23.843585968017578,0.55255526304245,[]
0ee3f5a0078c21cfdffd1b97002e7da5,2025-09-21,Los Angeles Chargers,Denver Broncos,Los Angeles Chargers,Denver Broncos,1.5,-120,100,44.5,underdog,0.4344615936279297,23.385969161987305,22.951507568359375,0.3782140612602234,"[{'bet_type': 'moneyline', 'team': 'Denver Broncos', 'amount': 50.0, 'odds': 100, 'line': None, 'edge': 0.2217859387397766, 'model_probability': 0.7217859387397766}]"
311c411c2d53e36a902763dc7a2ef678,2025-09-21,Seattle Seahawks,New Orleans Saints,Seattle Seahawks,New Orleans Saints,6.5,-258,210,43.5,favorite,10.533039093017578,25.982837677001953,15.449798583984375,0.5693396925926208,[]
20b50dac292089c063b21e1410f172ef,2025-09-21,San Francisco 49ers,Arizona Cardinals,San Francisco 49ers,Arizona Cardinals,3.5,-185,154,47.5,favorite,0.9754390716552734,30.96908187866211,29.993642807006836,0.5651982426643372,"[{'bet_type': 'over', 'team': None, 'amount': 50.0, 'odds': -115, 'line': 47.5, 'edge': 0.09011627906976749, 'model_probability': 0.625}, {'bet_type': 'moneyline', 'team': 'San Francisco 49ers', 'amount': 20.0, 'odds': -185, 'line': None, 'edge': 0.016075435646793257, 'model_probability': 0.6651982426643371}]"
186868cc79ce1f5d22075b67ebbc7b64,2025-09-21,Chicago Bears,Dallas Cowboys,Chicago Bears,Dallas Cowboys,3.0,-155,130,47.5,underdog,2.0144176483154297,26.163301467895508,24.148883819580078,0.39302071928977966,"[{'bet_type': 'moneyline', 'team': 'Dallas Cowboys', 'amount': 50.0, 'odds': 130, 'line': None, 'edge': 0.27219667201456815, 'model_probability': 0.7069792807102203}]"
ee840f13db8bd150fcdd8f6670fa7041,2025-09-22,New York Giants,Kansas City Chiefs,Kansas City Chiefs,New York Giants,6.5,225,-278,43.5,favorite,7.922916412353516,27.061309814453125,19.13839340209961,0.5694903135299683,[]
6e67ddae4bb01d1c2d3f461ee62d2666,2025-09-23,Baltimore Ravens,Detroit Lions,Baltimore Ravens,Detroit Lions,3.5,-180,150,49.5,favorite,10.738866806030273,32.259342193603516,21.520475387573242,0.5651982426643372,"[{'bet_type': 'moneyline', 'team': 'Baltimore Ravens', 'amount': 25.022031784057603, 'odds': -180, 'line': None, 'edge': 0.02234109980719423, 'model_probability': 0.6651982426643371}]"
4a08b89f07a4a395620f6df5c1d239f4,2025-09-26,Arizona Cardinals,Seattle Seahawks,Arizona Cardinals,Seattle Seahawks,2.5,-130,110,46.5,favorite,2.692148208618164,27.001068115234375,24.30891990661621,0.5663222074508667,"[{'bet_type': 'moneyline', 'team': 'Arizona Cardinals', 'amount': 50.0, 'odds': -130, 'line': None, 'edge': 0.1011048161465189, 'model_probability': 0.6663222074508667}]"
4dd631102a977fd398f7ea594ed208f2,2025-09-28,Pittsburgh Steelers,Minnesota Vikings,Minnesota Vikings,Pittsburgh Steelers,1.5,100,-120,42.5,underdog,6.092273712158203,30.2260684967041,24.1337947845459,0.39241668581962585,"[{'bet_type': 'over', 'team': None, 'amount': 50.0, 'odds': -110, 'line': 42.5, 'edge': 0.10119047619047616, 'model_probability': 0.625}]"
